order_id,customer_id,product_id,quantity,order_date,order_status
ORD00001,C0014,P061,3,2024-12-01,returned  
ORD00002,C0027,P062,2,2024-09-25,Cancelled
ORD00003,C0076,P032,1,2024-10-20,  PENDING
ORD00004,C0098,P003,4,2024-06-09,Delivered
ORD00005,C0105,P053,5,31-01-2025,Cancelled
ORD00006,C0032,P018,5,2024-04-16,Delivered
ORD00007,C0270,P049,3,2024-03-29, Delivered 
ORD00008,C0280,P046,3,2024-11-08,delivered  
ORD00009,C0143,P039,2,2024-06-01,returned  
ORD00010,C0251,P041,4,2024-06-27, Delivered 
ORD00011,C0148,P016,5,2024-12-12,Delivered
ORD00012,C0177,P019,3,2024-01-22,  DELIVERED
ORD00013,C0178,P057,3,17-01-2025,delivered  
ORD00014,C0276,P035,5,2024-12-22,  DELIVERED
ORD00015,C0123,P032,1,2024-12-08,pending  
ORD00016,C0120,P007,1,2024-07-30,Delivered
ORD00017,,P018,1,2024-10-08,pending  
ORD00018,C0209,P061,4,2024-11-29, Delivered 
ORD00019,C0165,P037,1,2025-01-28,delivered  
ORD00020,C0274,P005,2,2024-08-01,pending  
ORD00021,C0019,P051,4,05-04-2024, Pending 
ORD00022,C0020,P002,3,2024-10-17, Cancelled 
ORD00023,C0146,P059,5,2024-09-25,delivered  
ORD00024,C0259,P060,3,2024-04-08, Returned 
ORD00025,C0084,P059,3,2025-01-02, Delivered 
ORD00026,C0152,P025,2,2024-11-08,Pending
ORD00027,C0219,P066,3,2024-02-14,  DELIVERED
ORD00028,C0095,P018,4,2024-06-14,  PENDING
ORD00029,C0134,P050,2,2024-08-16, Returned 
ORD00030,C0155,P002,3,30-11-2024,delivered  
ORD00031,C0032,P016,4,2024-06-06, Delivered 
ORD00032,C0061,P038,3,10-11-2024,delivered  
ORD00033,C0245,P020,4,2025-01-17, Pending 
ORD00034,C0213,P061,5,2025-02-14,cancelled  
ORD00035,C0127,P011,5,2024-08-16, Delivered 
ORD00036,C0040,P015,1,2025-02-28,delivered  
ORD00037,C0294,P069,2,2024-03-25,Delivered
ORD00038,C0060,P027,5,2024-09-07,Delivered
ORD00039,C0029,P059,2,2024-09-19,  DELIVERED
ORD00040,C0287,P060,3,2025-01-05, Delivered 
ORD00041,C0002,P028,5,2024-02-07, Delivered 
ORD00042,C0033,P008,1,2024-08-29,Delivered
ORD00043,C0093,P018,4,10-07-2024,Pending
ORD00044,C0230,P049,4,2024-02-11,cancelled  
ORD00045,C0179,P016,2,2024-10-02,delivered  
ORD00046,C0115,P001,1,2024-06-01,Delivered
ORD00047,C0273,P049,2,2024-05-06,delivered  
ORD00048,C0142,P025,1,2024-01-17,Returned
ORD00049,C0009,P031,2,2024-02-04,  DELIVERED
ORD00050,C0229,P007,2,2025-01-14,Delivered
ORD00051,C0120,P028,1,2024-03-12, Delivered 
ORD00052,C0120,P041,5,2024-11-02, Returned 
ORD00053,C0122,P039,2,2024-12-04,Delivered
ORD00054,C0154,P036,1,2024-10-12,pending  
ORD00055,C0219,P064,1,2024-06-25,Pending
ORD00056,C0269,P041,4,2024-07-28,Delivered
ORD00057,C0095,P069,4,2024-05-03, Returned 
ORD00058,C0074,P060,1,2024-10-14,Delivered
ORD00059,C0286,P068,2,2024-07-17,delivered  
ORD00060,C0170,P011,4,2025-03-09,delivered  
ORD00061,C0027,P035,4,2024-12-10,  CANCELLED
ORD00062,C0038,P025,5,2025-01-05,cancelled  
ORD00063,C0246,P027,3,2024-06-04,  PENDING
ORD00064,C0109,P025,1,2025-01-17,Pending
ORD00065,C0125,P027,4,2024-05-02, Delivered 
ORD00066,C0195,P060,5,2024-11-28, Delivered 
ORD00067,C0185,P066,4,2024-08-26,Delivered
ORD00068,C0164,P027,3,2024-06-09,delivered  
ORD00069,C0075,P003,3,2024-10-10,Pending
ORD00070,C0152,P020,2,2024-06-17,delivered  
ORD00071,C0256,P044,3,2025-01-25,Returned
ORD00072,C0236,P022,3,2024-03-27,Delivered
ORD00073,C0095,P008,5,2024-01-18,  RETURNED
ORD00074,C0025,P001,4,2024-03-11,returned  
ORD00075,C0035,P020,1,2024-04-21, Delivered 
ORD00076,C0031,P062,4,2024-01-09,Delivered
ORD00077,C0007,P003,5,2025-01-04, Delivered 
ORD00078,C0009,P065,4,2025-02-16,pending  
ORD00079,C0055,P013,5,2024-03-17, Delivered 
ORD00080,C0182,P035,4,2024-02-10,Delivered
ORD00081,C0236,P032,2,2024-06-02,  CANCELLED
ORD00082,C0017,P012,4,2024-07-13,Delivered
ORD00083,C0029,P002,2,2024-02-12,Delivered
ORD00084,C0170,P013,5,2024-01-22,Delivered
ORD00085,C0139,P006,1,2024-12-16,  PENDING
ORD00086,C0092,P041,1,2024-04-16,Delivered
ORD00087,C0040,P039,2,2024-10-15,Delivered
ORD00088,C0277,P043,4,2025-01-21,  CANCELLED
ORD00089,C0257,P045,1,2024-02-20,  DELIVERED
ORD00090,C0175,P051,3,2024-01-16,Cancelled
ORD00091,C0252,P030,3,2024-10-10,Pending
ORD00092,C0096,P049,1,2025-01-30,cancelled  
ORD00093,C0038,P011,3,2024-03-19,delivered  
ORD00094,C0200,P041,3,2024-02-24, Delivered 
ORD00095,C0228,P047,3,2024-02-22,delivered  
ORD00096,C0221,P058,5,2024-10-11,  DELIVERED
ORD00097,C0014,P012,3,2024-10-10, Delivered 
ORD00098,C0198,P002,3,2024-07-30,  DELIVERED
ORD00099,C0287,P032,5,2024-09-23,Delivered
ORD00100,,P018,3,2024-06-03,delivered  
ORD00101,C0033,P022,4,2024-05-21,Delivered
ORD00102,C0040,P047,3,2024-05-06,Cancelled
ORD00103,C0101,P059,1,2024-03-10,Delivered
ORD00104,C0171,P049,3,2024-08-13,delivered  
ORD00105,C0154,P042,5,2024-12-21, Delivered 
ORD00106,C0091,P051,3,2024-05-29,Cancelled
ORD00107,C0295,P032,3,2024-07-11,Delivered
ORD00108,C0187,P015,5,2024-04-12,delivered  
ORD00109,C0282,P004,4,2024-12-28, Delivered 
ORD00110,C0036,P053,4,2024-03-12,cancelled  
ORD00111,C0130,P020,4,2025-02-08,Delivered
ORD00112,C0246,P052,5,2024-09-16,Pending
ORD00113,C0279,P005,3,2024-12-25,  PENDING
ORD00114,C0056,P032,3,2024-03-26,  CANCELLED
ORD00115,C0289,P052,3,11-02-2025,  DELIVERED
ORD00116,C0051,P034,2,2024-09-18,cancelled  
ORD00117,C0229,P048,4,2024-08-25,returned  
ORD00118,C0177,P004,4,2024-02-23,  DELIVERED
ORD00119,C0060,P019,3,2024-06-08,delivered  
ORD00120,C0267,P062,3,2024-08-31,Delivered
ORD00121,C0164,P009,3,2024-01-23,  RETURNED
ORD00122,C0012,P044,1,2024-12-12,returned  
ORD00123,C0265,P023,5,2024-03-22,Delivered
ORD00124,C0237,P030,4,2024-11-18,Delivered
ORD00125,C0203,P004,5,2025-03-28,Delivered
ORD00126,C0200,P001,2,2024-04-15,  DELIVERED
ORD00127,C0296,P014,5,2024-04-05,delivered  
ORD00128,C0235,P015,3,09-12-2024, Pending 
ORD00129,C0199,P051,5,2024-02-28,Delivered
ORD00130,C0089,P039,5,2024-10-29,delivered  
ORD00131,C0161,P016,2,2024-06-05, Delivered 
ORD00132,C0073,P066,4,2024-08-02,Delivered
ORD00133,C0217,P024,4,2024-11-21,delivered  
ORD00134,C0285,P022,4,2024-05-27, Delivered 
ORD00135,C0231,P007,3,2024-01-05,delivered  
ORD00136,C0197,P065,4,2024-07-28,Cancelled
ORD00137,C0228,P063,2,2024-02-12,delivered  
ORD00138,C0150,P005,3,2024-04-25,delivered  
ORD00139,C0235,P064,5,2024-09-18,  DELIVERED
ORD00140,C0138,P047,5,2025-02-25,Returned
ORD00141,C0280,P028,4,2024-02-22,cancelled  
ORD00142,C0153,P005,4,2024-05-14,  DELIVERED
ORD00143,C0225,P016,2,2024-04-17, Returned 
ORD00144,C0220,P022,5,2024-03-12,returned  
ORD00145,C0031,P045,5,2024-05-23,delivered  
ORD00146,C0166,P038,3,2024-10-20,  DELIVERED
ORD00147,C0070,P053,1,21-05-2024,pending  
ORD00148,C0068,P032,2,2024-12-30,delivered  
ORD00149,C0202,P063,2,2024-10-22,Cancelled
ORD00150,C0193,P058,1,20-11-2024,  RETURNED
ORD00151,C0207,P066,3,2024-12-21, Pending 
ORD00152,C0233,P063,3,2024-10-24,  DELIVERED
ORD00153,C0235,P046,1,2025-02-11,delivered  
ORD00154,C0220,P028,4,2024-05-17, Delivered 
ORD00155,C0173,P017,5,2025-03-12, Delivered 
ORD00156,C0025,P006,1,2024-11-16,Returned
ORD00157,C0009,P016,2,2024-08-13,Delivered
ORD00158,C0104,P017,3,2024-03-22, Pending 
ORD00159,C0048,P047,3,2024-02-12,delivered  
ORD00160,C0027,P051,3,2025-01-06,cancelled  
ORD00161,C0220,P012,1,2024-01-01,  DELIVERED
ORD00162,C0068,P029,5,2024-12-14,  DELIVERED
ORD00163,C0176,P016,4,2024-12-21,  DELIVERED
ORD00164,C0118,P050,1,2025-01-09,  RETURNED
ORD00165,C0161,P048,3,2024-03-11,delivered  
ORD00166,C0074,P009,5,2024-10-15,delivered  
ORD00167,C0226,P045,2,2024-11-17,Cancelled
ORD00168,C0227,P028,1,2024-02-21,  DELIVERED
ORD00169,C0197,P045,4,2024-06-10,returned  
ORD00170,C0142,P011,2,2024-10-10, Cancelled 
ORD00171,C0014,P039,2,2024-09-22,cancelled  
ORD00172,C0201,P038,1,2025-02-05,pending  
ORD00173,C0254,P050,1,2024-05-03,  DELIVERED
ORD00174,C0271,P002,3,2024-06-11,Delivered
ORD00175,C0188,P023,4,2025-01-29,  DELIVERED
ORD00176,C0008,P034,2,2024-01-21,Pending
ORD00177,C0260,P037,5,2025-01-27,Delivered
ORD00178,C0043,P069,5,2024-11-11,  DELIVERED
ORD00179,C0159,P011,5,2024-04-14,pending  
ORD00180,C0275,P042,4,2024-10-27,  CANCELLED
ORD00181,C0159,P056,2,2024-01-30,Delivered
ORD00182,C0060,P059,5,2024-11-07,delivered  
ORD00183,C0062,P002,2,2024-12-25,Delivered
ORD00184,C0178,P067,5,2025-02-04, Returned 
ORD00185,C0086,P048,2,2025-01-18, Returned 
ORD00186,C0061,P004,3,2025-02-17,  DELIVERED
ORD00187,C0135,P010,4,2024-08-21,  DELIVERED
ORD00188,C0256,P022,3,2024-03-21,  DELIVERED
ORD00189,C0294,P015,2,2025-01-14,  DELIVERED
ORD00190,C0007,P032,1,29-08-2024,delivered  
ORD00191,C0092,P005,5,2025-02-15,Pending
ORD00192,C0115,P042,2,2024-08-01, Pending 
ORD00193,C0139,P010,5,2024-07-09,  DELIVERED
ORD00194,C0092,P029,5,24-01-2024,  PENDING
ORD00195,C0239,P037,3,2024-06-16,Delivered
ORD00196,C0005,P048,2,2024-05-29, Delivered 
ORD00197,C0125,P060,3,2024-10-29,pending  
ORD00198,C0280,P032,2,2024-01-04,  PENDING
ORD00199,C0120,P045,1,2024-06-20,Delivered
ORD00200,C0158,P014,2,2024-09-28,Pending
ORD00201,C0252,P008,2,2024-12-30,  DELIVERED
ORD00202,C0119,P067,4,2024-12-24,Pending
ORD00203,C0044,P013,5,2024-03-09,Cancelled
ORD00204,C0039,P008,4,2024-12-05,pending  
ORD00205,C0150,P034,3,2025-02-14, Delivered 
ORD00206,C0163,P058,3,2024-04-29,delivered  
ORD00207,C0070,P014,2,24-02-2024,Delivered
ORD00208,C0161,P053,1,2024-10-01,delivered  
ORD00209,C0232,P040,4,15-05-2024,  PENDING
ORD00210,C0081,P039,5,2024-01-21, Delivered 
ORD00211,C0076,P012,2,2024-07-01,  DELIVERED
ORD00212,C0154,P034,2,2024-01-16,Pending
ORD00213,C0285,P032,1,2024-08-24,delivered  
ORD00214,C0063,P002,1,01-03-2025,returned  
ORD00215,C0067,P026,4,2024-07-09,  CANCELLED
ORD00216,C0299,P034,1,2024-01-12,pending  
ORD00217,C0228,P017,1,2025-03-09, Returned 
ORD00218,C0063,P006,4,2024-01-26,Delivered
ORD00219,C0203,P064,1,2024-07-14,cancelled  
ORD00220,C0182,P028,2,2024-05-20,delivered  
ORD00221,C0018,P032,3,12-09-2024,Delivered
ORD00222,C0032,P012,3,2024-07-15,delivered  
ORD00223,C0270,P032,5,2025-02-10,Delivered
ORD00224,C0184,P062,5,2025-02-04, Delivered 
ORD00225,C0199,P035,2,2024-01-14,delivered  
ORD00226,C0016,P036,1,18-02-2025, Pending 
ORD00227,C0300,P030,2,2024-02-21,delivered  
ORD00228,C0137,P069,1,2025-01-26,pending  
ORD00229,C0295,P050,3,05-03-2025,pending  
ORD00230,C0091,P031,5,2024-06-11, Returned 
ORD00231,C0015,P046,5,2024-10-15,delivered  
ORD00232,C0253,P040,2,2024-09-08,  DELIVERED
ORD00233,C0120,P029,1,2024-09-26, Delivered 
ORD00234,C0104,P017,3,2025-01-02, Delivered 
ORD00235,C0031,P003,2,2024-10-27,cancelled  
ORD00236,C0057,P068,3,2024-02-07,Delivered
ORD00237,C0052,P044,3,2024-06-14,delivered  
ORD00238,C0224,P063,3,2024-03-30, Cancelled 
ORD00239,C0115,P023,4,2024-06-06, Cancelled 
ORD00240,,P023,1,2024-12-25,Pending
ORD00241,C0291,P005,2,2024-11-04,delivered  
ORD00242,C0290,P014,4,2024-03-13,  DELIVERED
ORD00243,C0122,P045,3,2024-03-26,  CANCELLED
ORD00244,C0172,P058,1,2024-05-15,  DELIVERED
ORD00245,C0180,P033,1,2025-01-03,Delivered
ORD00246,C0225,P054,2,2025-03-28,Delivered
ORD00247,C0180,P049,1,2025-02-28,delivered  
ORD00248,C0084,P058,1,2025-02-13, Returned 
ORD00249,C0011,P041,3,23-02-2024,delivered  
ORD00250,C0193,P021,1,2024-10-07,  PENDING
ORD00251,C0174,P062,1,2024-08-08,pending  
ORD00252,C0223,P021,1,2024-02-21,delivered  
ORD00253,C0210,P034,3,2024-06-01,  DELIVERED
ORD00254,C0202,P063,2,2024-01-28,Delivered
ORD00255,C0045,P038,5,2024-09-02,  DELIVERED
ORD00256,C0106,P022,3,2024-02-11,  DELIVERED
ORD00257,C0158,P051,4,2024-09-07, Pending 
ORD00258,C0047,P050,2,2024-07-08, Pending 
ORD00259,C0096,P058,1,2024-05-14, Delivered 
ORD00260,C0116,P035,5,2024-02-01,  DELIVERED
ORD00261,C0044,P045,5,2024-07-30,pending  
ORD00262,C0284,P008,4,2025-02-23,Delivered
ORD00263,C0294,P031,4,02-06-2024,  DELIVERED
ORD00264,C0258,P067,5,2024-12-12,pending  
ORD00265,C0062,P058,2,26-03-2024,pending  
ORD00266,C0065,P006,4,2024-02-10,Pending
ORD00267,C0104,P019,5,12-05-2024,  DELIVERED
ORD00268,C0045,P050,5,2024-07-22, Delivered 
ORD00269,C0267,P059,1,2025-02-06,Cancelled
ORD00270,C0058,P054,2,2024-03-16,  DELIVERED
ORD00271,C0055,P013,3,2025-03-20, Delivered 
ORD00272,C0211,P034,4,2024-12-01,Delivered
ORD00273,C0020,P023,3,2024-07-25,Delivered
ORD00274,C0020,P051,3,2024-12-19,Delivered
ORD00275,C0138,P048,1,2024-06-21, Returned 
ORD00276,C0160,P036,4,2025-03-15,  CANCELLED
ORD00277,C0117,P018,3,2025-01-15, Delivered 
ORD00278,C0138,P054,5,2024-11-26,Delivered
ORD00279,C0109,P053,4,2025-01-23, Delivered 
ORD00280,C0029,P066,2,2024-02-03,Delivered
ORD00281,C0070,P068,5,2024-01-15,delivered  
ORD00282,C0030,P032,1,2024-08-21, Delivered 
ORD00283,C0102,P036,3,2025-02-25,Delivered
ORD00284,C0064,P004,2,2024-07-09,Delivered
ORD00285,C0091,P061,5,2024-10-09,delivered  
ORD00286,C0133,P012,3,15-01-2024,delivered  
ORD00287,C0293,P028,2,2024-11-27,delivered  
ORD00288,C0138,P053,5,2024-01-11,  PENDING
ORD00289,,P017,2,2024-11-03,returned  
ORD00290,C0130,P040,3,04-08-2024, Pending 
ORD00291,C0236,P033,2,2024-08-26,Delivered
ORD00292,C0300,P014,1,2024-09-18, Pending 
ORD00293,C0288,P037,3,2024-12-16,  DELIVERED
ORD00294,C0173,P036,3,17-03-2025, Delivered 
ORD00295,C0097,P020,5,2025-01-26,  DELIVERED
ORD00296,C0207,P041,2,04-01-2025,Delivered
ORD00297,C0152,P034,4,2024-07-26,  DELIVERED
ORD00298,C0299,P025,3,2025-01-06,Cancelled
ORD00299,C0184,P065,3,2025-03-08,delivered  
ORD00300,C0151,P013,4,2024-03-06,cancelled  
ORD00301,C0172,P012,2,2024-06-30, Delivered 
ORD00302,C0216,P043,3,2024-05-13,Delivered
ORD00303,C0061,P061,1,2025-03-19,  CANCELLED
ORD00304,C0242,P025,5,2024-03-02,Pending
ORD00305,C0272,P039,4,2024-01-28,pending  
ORD00306,C0071,P026,3,2024-07-28,Pending
ORD00307,C0074,P041,2,2025-02-02, Delivered 
ORD00308,C0091,P041,1,2024-01-03,delivered  
ORD00309,C0087,P021,4,2025-02-06,  RETURNED
ORD00310,C0067,P056,4,2024-07-25,Delivered
ORD00311,C0197,P001,1,2024-09-30, Delivered 
ORD00312,C0008,P042,5,2024-04-07,  DELIVERED
ORD00313,C0128,P029,3,2024-06-08,Delivered
ORD00314,C0258,P040,2,2024-02-03, Returned 
ORD00315,C0149,P059,5,2024-11-01,Delivered
ORD00316,C0069,P044,4,2024-07-02,returned  
ORD00317,,P003,2,2024-04-24,cancelled  
ORD00318,C0109,P003,5,2024-09-15, Delivered 
ORD00319,C0020,P049,3,2025-01-29,  DELIVERED
ORD00320,C0025,P014,1,2024-01-25,Cancelled
ORD00321,C0228,P049,1,2024-10-07,delivered  
ORD00322,C0106,P002,3,2024-08-03, Cancelled 
ORD00323,C0071,P054,1,2024-09-18,  CANCELLED
ORD00324,C0145,P015,1,2024-09-11,delivered  
ORD00325,C0135,P067,2,2024-07-02, Cancelled 
ORD00326,C0083,P006,5,2024-09-11,Pending
ORD00327,C0170,P031,1,2024-01-07,  CANCELLED
ORD00328,C0294,P064,2,2024-02-16,  RETURNED
ORD00329,C0052,P033,2,2024-08-21, Pending 
ORD00330,C0136,P060,1,2024-02-21,  RETURNED
ORD00331,C0149,P047,3,2024-08-06,  CANCELLED
ORD00332,C0024,P002,2,2024-12-05, Cancelled 
ORD00333,C0184,P057,5,2024-05-17,  PENDING
ORD00334,C0191,P044,2,2024-02-28,Delivered
ORD00335,C0140,P050,4,2025-02-13,delivered  
ORD00336,C0058,P017,1,2025-03-08,Delivered
ORD00337,C0248,P057,2,2024-11-08, Delivered 
ORD00338,C0015,P017,4,2024-09-06,Delivered
ORD00339,C0226,P006,1,2024-05-13,  CANCELLED
ORD00340,C0269,P029,3,2024-09-22,  DELIVERED
ORD00341,C0222,P032,4,2024-06-26,Cancelled
ORD00342,C0077,P007,1,2024-11-25,Pending
ORD00343,C0254,P022,1,2025-01-19,delivered  
ORD00344,C0170,P036,1,2024-09-16,Delivered
ORD00345,C0207,P031,1,2024-08-23,Delivered
ORD00346,C0046,P064,4,2024-06-10,Delivered
ORD00347,C0010,P014,4,2024-07-30,  DELIVERED
ORD00348,C0047,P039,5,2024-10-14,Delivered
ORD00349,C0175,P047,1,2025-02-22,Delivered
ORD00350,C0170,P061,3,2025-01-01,  DELIVERED
ORD00351,C0114,P001,3,2024-06-30, Returned 
ORD00352,C0281,P067,3,2024-12-25,delivered  
ORD00353,C0253,P018,4,2024-02-24,delivered  
ORD00354,C0097,P016,4,2024-04-20,delivered  
ORD00355,C0174,P014,4,2024-01-24,  PENDING
ORD00356,C0231,P059,5,2024-09-15,Delivered
ORD00357,C0003,P068,1,2024-10-10,Pending
ORD00358,C0261,P023,5,2024-03-29,cancelled  
ORD00359,C0054,P050,5,2024-11-06,Pending
ORD00360,C0215,P032,3,2024-07-22, Pending 
ORD00361,C0232,P018,2,30-07-2024, Cancelled 
ORD00362,C0281,P041,5,2024-11-19,delivered  
ORD00363,C0149,P045,2,29-12-2024,cancelled  
ORD00364,C0258,P042,1,2025-01-24,Delivered
ORD00365,C0299,P054,5,2024-05-26,Pending
ORD00366,C0007,P067,1,2024-01-13,  DELIVERED
ORD00367,C0029,P026,3,2025-01-19, Returned 
ORD00368,C0129,P019,1,2024-12-19,returned  
ORD00369,C0278,P005,3,2025-02-20,delivered  
ORD00370,C0288,P050,2,2024-09-18, Returned 
ORD00371,C0025,P049,4,2024-08-01, Pending 
ORD00372,C0283,P007,1,2025-01-15,Delivered
ORD00373,C0116,P048,5,2024-10-06,cancelled  
ORD00374,C0100,P038,4,2024-03-31,  PENDING
ORD00375,C0096,P023,5,2024-03-02,Delivered
ORD00376,C0143,P034,2,2024-03-23, Delivered 
ORD00377,C0003,P043,4,2024-12-29,  PENDING
ORD00378,C0079,P042,5,2024-01-27, Returned 
ORD00379,C0252,P046,1,2025-02-05,cancelled  
ORD00380,C0095,P067,1,2025-02-06,Delivered
ORD00381,C0279,P069,4,2024-02-17,delivered  
ORD00382,C0170,P043,3,2024-05-30,Delivered
ORD00383,C0288,P002,1,2024-12-08,delivered  
ORD00384,C0125,P006,3,2024-07-14,  PENDING
ORD00385,C0198,P033,5,2025-01-05, Delivered 
ORD00386,C0264,P066,4,2024-09-06,delivered  
ORD00387,C0165,P066,1,2024-02-19,  DELIVERED
ORD00388,C0034,P027,2,2025-03-18,  CANCELLED
ORD00389,C0106,P069,4,2024-11-27,  RETURNED
ORD00390,C0079,P004,4,2025-01-02,  DELIVERED
ORD00391,C0038,P007,2,2025-02-10,  DELIVERED
ORD00392,C0295,P030,3,2024-07-27,Delivered
ORD00393,C0222,P041,1,2024-07-18,  CANCELLED
ORD00394,C0033,P006,1,2024-07-02,  PENDING
ORD00395,C0149,P039,5,2024-02-14,Delivered
ORD00396,C0196,P051,1,2024-08-30,delivered  
ORD00397,C0070,P051,5,2024-05-31,pending  
ORD00398,C0153,P048,1,2024-10-10,pending  
ORD00399,C0064,P006,1,2024-10-20,  DELIVERED
ORD00400,C0157,P027,3,2024-04-18,delivered  
ORD00401,C0083,P024,2,2024-11-11,returned  
ORD00402,C0059,P024,5,2025-03-12,Delivered
ORD00403,C0282,P010,3,2024-12-09,  DELIVERED
ORD00404,C0102,P063,3,2024-07-01,delivered  
ORD00405,C0052,P037,5,2024-02-05, Pending 
ORD00406,C0249,P058,3,2024-11-11,cancelled  
ORD00407,C0290,P047,3,2024-08-07, Delivered 
ORD00408,C0127,P029,4,2024-05-21,returned  
ORD00409,C0170,P062,4,2024-08-16, Delivered 
ORD00410,C0250,P014,2,2024-11-26, Cancelled 
ORD00411,C0072,P069,2,2024-05-14,  CANCELLED
ORD00412,C0039,P003,5,2024-11-19,Delivered
ORD00413,C0109,P005,5,2024-05-13,Delivered
ORD00414,C0077,P047,4,2024-04-24, Pending 
ORD00415,C0069,P060,5,2024-09-18, Delivered 
ORD00416,C0258,P002,2,2025-03-10,pending  
ORD00417,C0264,P018,4,2024-03-22,delivered  
ORD00418,C0248,P046,1,2024-04-22,returned  
ORD00419,C0033,P034,3,2024-04-29,delivered  
ORD00420,C0266,P047,4,2024-08-28,  PENDING
ORD00421,C0021,P042,1,26-12-2024, Pending 
ORD00422,C0135,P023,4,2024-11-30,  DELIVERED
ORD00423,C0265,P033,4,2024-04-24, Delivered 
ORD00424,C0177,P063,4,2025-03-30,cancelled  
ORD00425,C0226,P022,2,2024-02-09, Delivered 
ORD00426,C0109,P020,2,21-03-2024,  DELIVERED
ORD00427,C0118,P054,3,2025-01-03,Delivered
ORD00428,C0246,P027,5,2024-03-23,Cancelled
ORD00429,C0012,P032,1,2024-03-06,delivered  
ORD00430,C0069,P066,1,2024-10-20,delivered  
ORD00431,C0133,P024,5,2024-07-26,  DELIVERED
ORD00432,C0146,P011,2,2024-08-17,Cancelled
ORD00433,C0247,P022,2,2025-03-01,delivered  
ORD00434,C0299,P024,5,2024-12-03,delivered  
ORD00435,C0176,P059,5,2024-10-29,Delivered
ORD00436,C0198,P017,1,2024-01-09,Delivered
ORD00437,C0077,P013,2,2024-08-31,  PENDING
ORD00438,C0273,P065,1,2024-02-17,delivered  
ORD00439,C0277,P001,4,2024-09-24,  DELIVERED
ORD00440,C0272,P055,2,2025-02-14,Delivered
ORD00441,C0180,P013,4,2024-03-09,delivered  
ORD00442,C0043,P037,5,2025-03-24, Delivered 
ORD00443,C0097,P001,1,2024-10-22,  DELIVERED
ORD00444,C0193,P027,3,2024-07-28,delivered  
ORD00445,C0219,P033,3,2025-03-13, Delivered 
ORD00446,C0142,P051,2,30-07-2024,Delivered
ORD00447,C0092,P048,5,2024-10-11, Delivered 
ORD00448,C0296,P045,4,2025-01-11,  DELIVERED
ORD00449,C0118,P058,2,2024-02-21,Delivered
ORD00450,C0174,P007,2,2024-07-18,  PENDING
ORD00451,C0047,P019,4,03-11-2024,  DELIVERED
ORD00452,C0135,P029,3,2024-02-10,Cancelled
ORD00453,C0206,P067,3,2024-12-30,  PENDING
ORD00454,C0090,P064,4,2024-01-06, Delivered 
ORD00455,C0100,P005,5,2024-09-18,delivered  
ORD00456,C0087,P005,3,2024-05-02,cancelled  
ORD00457,C0045,P036,4,2024-06-29,Cancelled
ORD00458,C0103,P067,1,2025-01-12,  CANCELLED
ORD00459,C0282,P037,5,2024-10-25, Delivered 
ORD00460,C0116,P025,4,2024-07-25, Delivered 
ORD00461,C0090,P053,5,2024-02-24, Delivered 
ORD00462,C0175,P015,5,2024-05-11, Pending 
ORD00463,C0227,P049,5,2024-09-04, Returned 
ORD00464,C0235,P059,5,2025-03-17,  DELIVERED
ORD00465,C0133,P009,4,2024-11-20,returned  
ORD00466,C0118,P041,4,2024-06-29,  DELIVERED
ORD00467,C0135,P032,3,2024-02-17, Delivered 
ORD00468,C0039,P023,4,2024-06-09, Delivered 
ORD00469,C0094,P025,4,2025-01-12,delivered  
ORD00470,C0136,P027,2,2024-04-13, Returned 
ORD00471,C0080,P014,1,10-02-2024,Cancelled
ORD00472,C0004,P006,4,2024-07-09,Cancelled
ORD00473,C0295,P036,4,2024-04-03, Pending 
ORD00474,C0204,P029,5,2024-03-06,Delivered
ORD00475,C0245,P005,5,2024-06-26,delivered  
ORD00476,C0235,P016,5,2024-08-23,  DELIVERED
ORD00477,C0007,P027,4,24-10-2024, Delivered 
ORD00478,C0133,P024,5,2024-05-14,Delivered
ORD00479,C0176,P047,2,12-09-2024,Delivered
ORD00480,C0191,P047,4,2024-05-23,delivered  
ORD00481,C0295,P030,1,2025-01-04,delivered  
ORD00482,C0285,P056,4,2024-04-10,delivered  
ORD00483,C0243,P002,2,2024-08-03, Delivered 
ORD00484,C0250,P039,3,2024-10-14,  PENDING
ORD00485,C0204,P013,2,2024-01-31, Delivered 
ORD00486,C0244,P013,4,2025-01-16, Delivered 
ORD00487,C0185,P033,3,2024-01-11, Delivered 
ORD00488,C0102,P069,2,2025-02-03, Delivered 
ORD00489,C0262,P063,4,2025-03-31, Delivered 
ORD00490,C0238,P019,2,2024-11-23, Returned 
ORD00491,C0216,P052,1,2024-02-10,delivered  
ORD00492,C0161,P041,3,2024-12-29,Delivered
ORD00493,C0139,P057,3,2025-01-17,Delivered
ORD00494,C0212,P022,2,2025-03-13,delivered  
ORD00495,C0129,P011,2,2024-03-26,  DELIVERED
ORD00496,C0033,P061,5,2024-01-28,Delivered
ORD00497,C0269,P011,1,2024-05-14,  CANCELLED
ORD00498,C0200,P040,2,2024-05-06,Cancelled
ORD00499,C0065,P017,5,2025-03-05,  DELIVERED
ORD00500,C0183,P042,4,2024-08-27, Pending 
ORD00501,C0281,P057,2,2024-12-23,Delivered
ORD00502,C0289,P056,5,2024-11-23, Cancelled 
ORD00503,C0178,P062,5,2024-04-26,Returned
ORD00504,C0158,P047,4,2024-05-13,  DELIVERED
ORD00505,C0001,P067,2,2024-06-25,  DELIVERED
ORD00506,C0252,P062,3,2024-01-05, Returned 
ORD00507,C0119,P001,5,2024-07-10,Delivered
ORD00508,C0203,P032,2,2025-01-01,Cancelled
ORD00509,C0194,P029,3,2024-02-10,delivered  
ORD00510,C0265,P035,3,2024-11-28, Cancelled 
ORD00511,C0212,P025,1,2024-04-03,  DELIVERED
ORD00512,C0234,P058,3,2024-12-24,cancelled  
ORD00513,C0165,P003,2,2024-01-26,  PENDING
ORD00514,C0096,P014,3,17-05-2024,Delivered
ORD00515,C0005,P030,1,2024-03-18,delivered  
ORD00516,C0176,P054,3,2025-02-06, Returned 
ORD00517,C0238,P005,3,2024-02-11,returned  
ORD00518,C0029,P035,4,2024-02-06,delivered  
ORD00519,C0099,P033,4,2025-02-28,delivered  
ORD00520,C0198,P057,2,2025-01-12,pending  
ORD00521,C0236,P013,5,2024-12-06,Pending
ORD00522,C0200,P040,3,2024-03-22,  CANCELLED
ORD00523,C0282,P067,1,2024-05-09, Delivered 
ORD00524,C0102,P047,1,2025-03-18,  CANCELLED
ORD00525,C0121,P056,3,2024-01-08, Delivered 
ORD00526,C0300,P016,4,2025-02-08,  DELIVERED
ORD00527,C0298,P061,5,2024-03-20,  DELIVERED
ORD00528,C0128,P021,4,2024-02-16, Cancelled 
ORD00529,C0031,P008,3,2024-11-26,  DELIVERED
ORD00530,C0065,P063,2,2024-06-11, Pending 
ORD00531,C0225,P025,1,2024-12-18,delivered  
ORD00532,C0129,P006,4,2024-12-27, Delivered 
ORD00533,C0278,P063,2,2024-10-17, Delivered 
ORD00534,C0166,P060,3,2025-03-20,returned  
ORD00535,C0036,P068,2,2024-08-18, Delivered 
ORD00536,C0278,P047,4,2024-01-01,Returned
ORD00537,C0095,P003,5,2025-03-14,delivered  
ORD00538,C0165,P009,5,23-02-2025,Delivered
ORD00539,C0283,P020,5,2024-05-24, Delivered 
ORD00540,C0057,P013,5,2024-12-03,delivered  
ORD00541,C0092,P005,2,2024-02-24,  DELIVERED
ORD00542,C0017,P050,4,2024-09-26, Cancelled 
ORD00543,C0026,P047,2,06-11-2024,  CANCELLED
ORD00544,C0107,P063,1,2024-08-27,  RETURNED
ORD00545,C0185,P054,3,2025-02-10, Cancelled 
ORD00546,C0271,P006,1,2025-03-03,delivered  
ORD00547,C0266,P013,1,2025-01-06,Delivered
ORD00548,C0098,P025,5,2024-12-02,delivered  
ORD00549,C0286,P054,1,2025-01-27, Cancelled 
ORD00550,C0235,P055,1,2024-03-26,Returned
ORD00551,C0259,P044,2,2024-09-30,Pending
ORD00552,C0181,P041,5,15-06-2024,Returned
ORD00553,C0221,P042,5,2024-05-03,delivered  
ORD00554,C0193,P033,3,2024-08-19,Delivered
ORD00555,C0001,P005,3,2024-11-01,delivered  
ORD00556,C0155,P001,3,2024-04-23, Delivered 
ORD00557,C0012,P036,5,18-09-2024,delivered  
ORD00558,C0049,P005,4,2024-07-01, Delivered 
ORD00559,C0188,P032,2,2024-05-11,  RETURNED
ORD00560,C0293,P052,5,2024-04-21, Cancelled 
ORD00561,C0248,P023,4,2025-02-26,  PENDING
ORD00562,C0154,P005,5,2024-07-14,  DELIVERED
ORD00563,C0172,P045,4,01-08-2024,  PENDING
ORD00564,C0117,P002,4,2024-01-28,  DELIVERED
ORD00565,C0164,P020,3,14-09-2024,cancelled  
ORD00566,C0026,P051,4,2025-01-20,  DELIVERED
ORD00567,C0114,P056,3,2025-02-06,delivered  
ORD00568,C0173,P011,4,2024-10-19,Cancelled
ORD00569,C0135,P011,4,2024-09-13,delivered  
ORD00570,C0070,P062,5,2024-04-11,delivered  
ORD00571,C0288,P068,2,2024-05-04,Delivered
ORD00572,C0166,P012,1,2024-12-09, Delivered 
ORD00573,C0179,P025,3,2024-06-25,  DELIVERED
ORD00574,,P022,3,2024-11-11,Returned
ORD00575,C0075,P057,1,2025-02-22, Delivered 
ORD00576,C0080,P011,1,2025-01-13,delivered  
ORD00577,C0148,P002,3,2024-12-21, Returned 
ORD00578,C0231,P061,1,2024-06-18,delivered  
ORD00579,C0105,P067,3,2024-10-07,delivered  
ORD00580,C0010,P049,5,2024-12-05, Delivered 
ORD00581,C0088,P008,3,2024-04-12, Returned 
ORD00582,C0028,P060,1,2024-02-04, Delivered 
ORD00583,C0185,P014,1,2024-05-29,Pending
ORD00584,C0119,P049,5,2024-12-29, Delivered 
ORD00585,C0249,P069,1,2024-04-05,Delivered
ORD00586,C0288,P003,1,2024-05-06, Pending 
ORD00587,C0171,P063,4,2025-01-16, Delivered 
ORD00588,C0181,P046,3,2024-04-30, Pending 
ORD00589,C0032,P033,4,2025-03-31,  PENDING
ORD00590,C0285,P036,2,2024-03-18,Delivered
ORD00591,C0071,P012,4,2024-09-23,pending  
ORD00592,C0214,P031,5,2024-03-19, Delivered 
ORD00593,C0169,P058,5,2024-03-08,delivered  
ORD00594,C0298,P026,2,07-06-2024,cancelled  
ORD00595,C0221,P019,5,2024-03-21,  DELIVERED
ORD00596,C0095,P041,2,2025-01-07, Delivered 
ORD00597,C0212,P053,3,2024-08-14, Cancelled 
ORD00598,C0078,P025,1,2024-03-08, Delivered 
ORD00599,C0291,P030,5,2024-04-28,  DELIVERED
ORD00600,C0184,P011,4,2024-03-09,Delivered
ORD00601,C0192,P024,4,2024-09-08,delivered  
ORD00602,C0099,P029,1,2024-07-28,  RETURNED
ORD00603,C0139,P053,2,2025-01-15,cancelled  
ORD00604,C0105,P009,2,2024-08-12,Pending
ORD00605,C0167,P059,2,2024-08-06,  DELIVERED
ORD00606,C0195,P041,4,2024-11-09,  PENDING
ORD00607,C0267,P014,4,2024-08-21,  RETURNED
ORD00608,C0126,P067,5,2024-07-21,  PENDING
ORD00609,C0286,P050,5,2025-01-26,  CANCELLED
ORD00610,C0098,P038,4,2024-07-22, Pending 
ORD00611,C0237,P022,4,2024-05-30,  CANCELLED
ORD00612,C0265,P019,4,2025-02-28,  CANCELLED
ORD00613,C0257,P015,2,2025-02-02,delivered  
ORD00614,C0202,P053,3,2024-08-18,Delivered
ORD00615,C0104,P059,1,2024-05-08,delivered  
ORD00616,C0064,P012,1,27-12-2024, Delivered 
ORD00617,C0044,P068,4,2025-01-07,returned  
ORD00618,C0194,P049,1,2025-01-28, Delivered 
ORD00619,C0290,P020,2,2025-03-20,  DELIVERED
ORD00620,C0215,P040,3,2025-01-08,Returned
ORD00621,C0148,P024,1,2024-03-08,  PENDING
ORD00622,C0130,P002,4,2024-09-11,  PENDING
ORD00623,C0253,P031,2,2024-10-28,Cancelled
ORD00624,C0210,P057,1,2024-11-03,cancelled  
ORD00625,C0281,P036,5,17-11-2024,delivered  
ORD00626,C0026,P024,2,2024-01-29,  CANCELLED
ORD00627,C0075,P005,5,2025-03-05, Cancelled 
ORD00628,C0045,P007,1,2024-08-01,pending  
ORD00629,C0146,P023,4,2025-01-18,  DELIVERED
ORD00630,C0048,P039,3,2024-07-07,  PENDING
ORD00631,C0219,P009,3,2024-08-29, Delivered 
ORD00632,C0169,P068,4,2024-09-25,delivered  
ORD00633,C0030,P014,5,2025-01-08,  PENDING
ORD00634,C0248,P037,4,2024-11-07, Returned 
ORD00635,C0270,P046,2,2024-11-10,Delivered
ORD00636,C0253,P024,5,2024-04-29,cancelled  
ORD00637,C0001,P016,1,2024-08-26,  CANCELLED
ORD00638,C0107,P054,4,2024-01-24,delivered  
ORD00639,C0006,P026,3,2024-05-10, Returned 
ORD00640,C0154,P065,5,2024-06-14,  RETURNED
ORD00641,C0171,P044,4,2025-01-05,  DELIVERED
ORD00642,C0090,P025,3,2025-03-02,Delivered
ORD00643,C0243,P005,2,2024-09-03,Delivered
ORD00644,C0275,P043,4,2025-02-05,  RETURNED
ORD00645,C0267,P039,5,2025-01-06,  CANCELLED
ORD00646,C0107,P043,3,2024-02-03, Pending 
ORD00647,C0016,P044,4,2024-11-16,delivered  
ORD00648,C0293,P050,2,2024-10-31, Delivered 
ORD00649,C0162,P005,3,2024-07-30,delivered  
ORD00650,C0191,P058,3,2024-04-20,delivered  
ORD00651,C0058,P048,1,2025-02-02,  DELIVERED
ORD00652,C0228,P065,1,2025-02-13,delivered  
ORD00653,C0098,P044,4,2025-01-10, Pending 
ORD00654,C0168,P019,1,2025-02-24,pending  
ORD00655,C0106,P005,4,2024-07-17,  CANCELLED
ORD00656,C0003,P040,1,2024-12-17,  RETURNED
ORD00657,C0171,P060,1,2024-02-22, Delivered 
ORD00658,C0012,P040,2,2024-06-13, Delivered 
ORD00659,C0142,P069,3,2025-01-30,  DELIVERED
ORD00660,C0140,P020,2,2024-05-20,  DELIVERED
ORD00661,C0106,P045,5,2024-06-12, Delivered 
ORD00662,C0294,P032,2,2024-02-06, Delivered 
ORD00663,C0277,P057,1,07-03-2024,  DELIVERED
ORD00664,C0055,P050,1,2024-02-14,delivered  
ORD00665,C0229,P046,3,2024-06-19,  RETURNED
ORD00666,C0239,P017,1,2025-02-20,Returned
ORD00667,C0050,P059,3,2024-12-16,Cancelled
ORD00668,C0241,P030,2,2024-03-14, Pending 
ORD00669,C0187,P051,2,2024-12-24, Pending 
ORD00670,C0167,P059,4,2024-01-16,  DELIVERED
ORD00671,C0180,P062,4,2025-03-09, Delivered 
ORD00672,C0295,P017,5,2024-02-22,  DELIVERED
ORD00673,C0167,P010,3,2024-09-29,Delivered
ORD00674,C0123,P032,5,2024-03-22,Pending
ORD00675,C0034,P044,2,2025-02-20,Cancelled
ORD00676,C0223,P044,5,2024-12-21,  DELIVERED
ORD00677,C0294,P063,1,2024-10-30, Delivered 
ORD00678,C0285,P013,4,2024-03-31,Delivered
ORD00679,C0036,P014,5,2025-01-29, Returned 
ORD00680,C0254,P008,1,21-04-2024,  RETURNED
ORD00681,C0076,P020,4,2024-09-29,Delivered
ORD00682,C0101,P027,3,2024-06-02, Delivered 
ORD00683,C0223,P045,1,2024-10-25,Delivered
ORD00684,C0066,P038,1,2024-07-08,  PENDING
ORD00685,C0001,P046,1,2025-03-16,  DELIVERED
ORD00686,C0121,P056,5,2024-07-20,Cancelled
ORD00687,C0208,P049,4,2024-10-06,delivered  
ORD00688,C0244,P018,2,2024-10-11, Delivered 
ORD00689,C0214,P020,3,2025-03-22,cancelled  
ORD00690,C0006,P010,1,2024-03-14,Cancelled
ORD00691,C0224,P018,1,2024-03-11,Cancelled
ORD00692,C0234,P055,5,2024-04-02,Delivered
ORD00693,C0283,P058,4,2024-06-30,Delivered
ORD00694,C0004,P064,2,2024-12-30,Delivered
ORD00695,C0280,P047,1,2024-01-20, Delivered 
ORD00696,C0058,P062,1,2024-03-13, Cancelled 
ORD00697,C0239,P067,1,2024-09-24,  PENDING
ORD00698,C0126,P061,1,2024-12-16, Cancelled 
ORD00699,C0028,P044,5,2025-02-02,Delivered
ORD00700,C0263,P061,5,10-01-2025, Delivered 
ORD00701,C0151,P038,2,2024-01-19, Cancelled 
ORD00702,C0289,P034,1,18-11-2024,delivered  
ORD00703,,P007,3,2025-02-18,  CANCELLED
ORD00704,C0147,P063,1,2024-03-05, Delivered 
ORD00705,C0130,P017,5,2024-05-23, Delivered 
ORD00706,C0008,P015,5,2024-03-30,pending  
ORD00707,C0229,P048,2,2024-05-13,returned  
ORD00708,C0249,P024,5,17-03-2025,  DELIVERED
ORD00709,C0075,P020,4,2025-01-20,Pending
ORD00710,C0122,P057,2,2024-04-17, Delivered 
ORD00711,C0028,P034,1,27-01-2024,Delivered
ORD00712,C0244,P039,4,2025-01-17,pending  
ORD00713,C0195,P050,4,2024-05-14,Delivered
ORD00714,C0007,P037,4,2024-07-14,  CANCELLED
ORD00715,C0050,P069,3,2025-03-08, Delivered 
ORD00716,C0172,P035,3,14-02-2025,Delivered
ORD00717,C0237,P031,5,29-01-2025, Delivered 
ORD00718,C0093,P041,5,2024-01-06,  CANCELLED
ORD00719,C0007,P053,1,2024-09-25,Delivered
ORD00720,C0180,P029,3,2024-05-08,  DELIVERED
ORD00721,C0048,P008,5,2024-12-02,pending  
ORD00722,C0063,P016,1,2025-03-14,Cancelled
ORD00723,C0290,P024,1,2024-12-22, Delivered 
ORD00724,C0240,P010,4,2024-05-21, Returned 
ORD00725,C0132,P021,1,2024-05-21,Returned
ORD00726,C0199,P043,1,2024-05-12, Pending 
ORD00727,C0092,P057,1,2024-09-08,pending  
ORD00728,C0202,P023,4,2024-02-25,Delivered
ORD00729,C0112,P014,4,2025-01-01,  DELIVERED
ORD00730,C0038,P010,5,2025-01-07,Delivered
ORD00731,C0010,P064,2,2024-11-30,  CANCELLED
ORD00732,C0200,P035,2,2024-12-24,Delivered
ORD00733,C0295,P001,5,2024-12-28,Pending
ORD00734,C0245,P056,4,2025-03-08,  CANCELLED
ORD00735,C0277,P029,1,2024-07-15,Pending
ORD00736,C0063,P069,3,2024-06-19,Cancelled
ORD00737,C0029,P012,3,2024-09-30, Pending 
ORD00738,C0042,P059,3,2024-11-27,  DELIVERED
ORD00739,C0197,P025,3,2024-12-22,  DELIVERED
ORD00740,C0184,P063,1,2025-03-29,cancelled  
ORD00741,C0072,P005,2,2024-01-13,cancelled  
ORD00742,C0251,P050,1,09-02-2025, Delivered 
ORD00743,C0256,P069,4,2024-01-09,  DELIVERED
ORD00744,C0173,P006,4,2024-03-01,Delivered
ORD00745,C0275,P020,5,2024-04-29,  PENDING
ORD00746,C0073,P063,1,2024-08-29,  PENDING
ORD00747,C0125,P017,1,2024-03-29, Cancelled 
ORD00748,C0050,P059,5,2024-03-28,  RETURNED
ORD00749,C0055,P015,4,2024-10-31,returned  
ORD00750,C0033,P026,4,2024-06-21,Returned
ORD00751,C0167,P016,5,2024-10-06,delivered  
ORD00752,C0024,P023,3,2024-02-02,delivered  
ORD00753,C0213,P022,3,2024-10-10,delivered  
ORD00754,C0298,P006,2,2024-02-21,Returned
ORD00755,C0081,P003,4,2024-02-11,delivered  
ORD00756,C0046,P037,4,2024-12-21,Returned
ORD00757,C0065,P027,2,2024-11-23,Delivered
ORD00758,C0211,P031,2,2024-11-08,cancelled  
ORD00759,C0256,P012,3,2024-06-27,delivered  
ORD00760,C0099,P016,5,2024-02-18,cancelled  
ORD00761,C0238,P027,3,2024-01-28,delivered  
ORD00762,C0243,P064,2,2024-03-22,  CANCELLED
ORD00763,C0028,P047,3,2024-04-17, Delivered 
ORD00764,C0233,P006,1,2025-01-14,delivered  
ORD00765,C0081,P004,4,2024-09-20,delivered  
ORD00766,C0228,P042,4,2024-04-11, Cancelled 
ORD00767,,P015,3,2024-04-26,Delivered
ORD00768,C0103,P049,2,2024-02-07,Delivered
ORD00769,C0028,P056,2,2024-04-20,Pending
ORD00770,C0092,P050,3,2024-03-10,delivered  
ORD00771,C0184,P035,2,2024-06-20,  DELIVERED
ORD00772,C0144,P018,1,2025-03-12,Delivered
ORD00773,C0088,P044,2,2025-03-29,delivered  
ORD00774,C0088,P030,1,2024-07-29,Pending
ORD00775,C0111,P061,4,2024-05-22,Delivered
ORD00776,C0127,P032,3,2024-08-10,delivered  
ORD00777,C0294,P001,4,2024-01-23,Delivered
ORD00778,C0259,P005,4,2024-09-28,  DELIVERED
ORD00779,,P064,2,2024-02-12,  DELIVERED
ORD00780,C0209,P028,2,2024-07-02,  DELIVERED
ORD00781,C0009,P062,3,2024-03-23,  CANCELLED
ORD00782,C0233,P060,2,2025-03-23,cancelled  
ORD00783,C0190,P060,1,2025-03-16,Cancelled
ORD00784,C0171,P068,1,2024-05-31, Delivered 
ORD00785,C0278,P027,1,2024-11-13,  PENDING
ORD00786,C0264,P047,1,2024-02-26,Delivered
ORD00787,C0021,P047,3,2024-03-30,  CANCELLED
ORD00788,C0288,P027,2,2024-06-20,  DELIVERED
ORD00789,C0245,P027,2,2024-06-13, Delivered 
ORD00790,C0258,P055,3,2024-01-28, Delivered 
ORD00791,C0232,P063,5,2024-09-26,Returned
ORD00792,C0273,P069,3,2024-08-19,  CANCELLED
ORD00793,C0097,P059,1,2024-02-11,delivered  
ORD00794,C0148,P010,1,2024-03-25,delivered  
ORD00795,C0255,P020,2,2024-09-23,  PENDING
ORD00796,C0151,P054,5,2024-03-08,Delivered
ORD00797,C0228,P003,3,2024-04-06,delivered  
ORD00798,C0267,P043,4,2024-10-23, Delivered 
ORD00799,C0249,P068,5,2024-08-15,delivered  
ORD00800,,P022,3,2024-04-26, Delivered 
ORD00801,,P019,3,2024-05-25,delivered  
ORD00802,C0083,P069,3,2024-04-03,pending  
ORD00803,C0083,P031,1,2024-01-22,pending  
ORD00804,C0226,P034,3,2024-04-04,  DELIVERED
ORD00805,C0163,P045,2,2024-07-09,delivered  
ORD00806,C0274,P039,1,2024-01-13,Delivered
ORD00807,C0075,P059,3,2024-03-20, Delivered 
ORD00808,C0152,P061,3,2025-01-21,pending  
ORD00809,C0290,P057,3,2024-12-18,Delivered
ORD00810,C0021,P018,5,2024-02-29,Delivered
ORD00811,C0113,P058,3,17-02-2024,delivered  
ORD00812,C0299,P068,2,2025-02-04, Pending 
ORD00813,C0101,P003,1,2024-10-02,  RETURNED
ORD00814,C0263,P051,2,08-09-2024,  DELIVERED
ORD00815,C0185,P051,2,2025-01-01, Pending 
ORD00816,C0198,P048,1,2024-05-25, Delivered 
ORD00817,C0229,P012,2,2025-01-07,Pending
ORD00818,C0227,P037,2,2025-02-16,Cancelled
ORD00819,C0213,P018,5,2024-11-02,delivered  
ORD00820,C0156,P061,5,2024-06-20,Delivered
ORD00821,C0046,P001,4,2024-11-23,Pending
ORD00822,C0090,P060,5,2025-01-21,pending  
ORD00823,C0096,P049,3,2024-10-10, Delivered 
ORD00824,C0300,P039,4,2024-10-13,cancelled  
ORD00825,C0014,P001,2,2024-05-14,Delivered
ORD00826,C0064,P037,4,2024-04-01,delivered  
ORD00827,C0015,P016,3,2024-09-09,  PENDING
ORD00828,C0186,P062,5,2024-08-11,Pending
ORD00829,C0062,P048,5,2025-01-10, Delivered 
ORD00830,C0084,P008,2,2024-06-12,delivered  
ORD00831,C0183,P021,1,2024-05-19, Delivered 
ORD00832,C0025,P038,3,2024-09-28,  CANCELLED
ORD00833,C0264,P025,2,2025-01-26,delivered  
ORD00834,C0279,P042,3,2025-02-27, Returned 
ORD00835,C0139,P047,1,30-09-2024,delivered  
ORD00836,C0007,P018,5,2024-05-24,Delivered
ORD00837,C0211,P044,2,2024-02-22,delivered  
ORD00838,C0097,P068,5,2024-12-30,  DELIVERED
ORD00839,C0214,P059,1,2024-02-29,  RETURNED
ORD00840,C0246,P045,3,2024-12-19,Delivered
ORD00841,C0268,P044,2,2024-12-29,  DELIVERED
ORD00842,C0114,P017,2,18-12-2024,delivered  
ORD00843,C0108,P017,1,2024-08-05,  CANCELLED
ORD00844,C0040,P003,4,2025-01-22,delivered  
ORD00845,C0056,P005,5,2024-10-30,  DELIVERED
ORD00846,C0130,P006,1,2024-06-03,  CANCELLED
ORD00847,C0064,P027,5,2024-04-12, Delivered 
ORD00848,C0015,P012,2,2025-03-09, Cancelled 
ORD00849,C0297,P045,3,2024-03-23,pending  
ORD00850,C0259,P009,1,23-02-2025,  DELIVERED
ORD00851,C0271,P028,2,2024-05-24,  DELIVERED
ORD00852,C0051,P028,5,11-03-2025, Cancelled 
ORD00853,C0095,P057,1,2024-04-02,Returned
ORD00854,C0218,P028,5,2024-04-26, Delivered 
ORD00855,C0064,P060,1,2024-09-23, Delivered 
ORD00856,C0148,P006,1,2024-06-16,Delivered
ORD00857,C0146,P059,5,2025-01-11,Delivered
ORD00858,C0116,P053,3,2025-03-13,  DELIVERED
ORD00859,C0244,P048,2,2024-01-07,Pending
ORD00860,C0054,P051,4,2024-09-24,  CANCELLED
ORD00861,C0062,P019,4,2024-07-24,  CANCELLED
ORD00862,C0087,P009,3,2024-04-11,Delivered
ORD00863,C0063,P030,4,2025-01-06, Delivered 
ORD00864,C0205,P046,4,2024-12-07,Cancelled
ORD00865,C0249,P066,3,2024-03-16,  RETURNED
ORD00866,C0063,P033,4,2024-09-11,delivered  
ORD00867,C0016,P013,1,01-03-2025,  DELIVERED
ORD00868,C0092,P049,5,2024-12-13, Delivered 
ORD00869,C0050,P010,5,2025-01-27,Delivered
ORD00870,C0104,P038,4,2024-09-08, Delivered 
ORD00871,C0277,P003,1,2024-08-08,  PENDING
ORD00872,C0197,P058,3,2025-03-12,Delivered
ORD00873,C0019,P005,2,2024-10-12, Cancelled 
ORD00874,C0085,P063,4,2024-03-09,Delivered
ORD00875,C0250,P015,5,11-12-2024,Delivered
ORD00876,C0244,P021,5,2024-01-29,Delivered
ORD00877,C0194,P046,3,2024-06-13,  DELIVERED
ORD00878,C0066,P047,3,2025-02-18,  CANCELLED
ORD00879,C0175,P049,1,2024-08-07, Delivered 
ORD00880,C0211,P045,1,2024-12-04,delivered  
ORD00881,C0160,P011,1,2025-03-20, Delivered 
ORD00882,C0087,P003,5,2024-06-15,Delivered
ORD00883,C0291,P066,4,2024-05-16,Delivered
ORD00884,C0012,P041,4,2024-10-19,  DELIVERED
ORD00885,C0251,P013,2,2024-06-21, Delivered 
ORD00886,C0086,P039,3,2024-08-11,  DELIVERED
ORD00887,C0275,P028,3,2024-05-15,Delivered
ORD00888,C0116,P012,5,2024-02-18, Delivered 
ORD00889,C0035,P068,4,2024-08-06,  DELIVERED
ORD00890,C0155,P065,3,2024-08-09, Cancelled 
ORD00891,C0103,P054,4,2024-05-08,Cancelled
ORD00892,C0281,P024,1,2024-11-17,cancelled  
ORD00893,,P064,2,2024-12-04,Pending
ORD00894,C0138,P069,5,2025-03-12,Returned
ORD00895,C0290,P008,5,12-04-2024,delivered  
ORD00896,C0124,P020,3,2025-03-08, Delivered 
ORD00897,C0033,P027,4,2024-05-16,returned  
ORD00898,C0132,P031,4,2024-05-02,delivered  
ORD00899,C0015,P032,3,2024-08-25,Delivered
ORD00900,C0217,P005,2,2024-03-22,  DELIVERED
ORD00901,C0133,P036,5,2024-03-31,  CANCELLED
ORD00902,C0249,P003,1,2025-03-16, Pending 
ORD00903,C0153,P009,4,05-07-2024,  CANCELLED
ORD00904,C0204,P018,2,2024-02-27,  DELIVERED
ORD00905,C0268,P068,3,2024-09-11,pending  
ORD00906,C0063,P041,3,2025-03-02,Delivered
ORD00907,C0121,P055,2,2024-03-14,delivered  
ORD00908,C0141,P057,4,2024-05-10,  PENDING
ORD00909,C0252,P069,3,2024-12-24, Pending 
ORD00910,C0280,P055,4,2024-12-15, Delivered 
ORD00911,C0075,P047,4,2025-01-01, Delivered 
ORD00912,C0011,P005,1,2024-12-19,pending  
ORD00913,C0130,P050,3,2024-11-23, Pending 
ORD00914,C0063,P069,2,15-03-2025,  DELIVERED
ORD00915,C0202,P033,3,2024-02-16,pending  
ORD00916,C0153,P027,2,2024-08-12,Cancelled
ORD00917,C0018,P036,1,2025-02-25,Returned
ORD00918,C0242,P053,3,2025-01-02,  DELIVERED
ORD00919,C0083,P034,5,03-02-2024, Delivered 
ORD00920,C0233,P004,1,2024-11-24,Cancelled
ORD00921,C0070,P001,4,2024-04-12, Cancelled 
ORD00922,C0295,P011,1,2024-03-21,delivered  
ORD00923,C0211,P041,4,2024-09-01,pending  
ORD00924,C0134,P023,5,2025-02-27, Delivered 
ORD00925,C0102,P011,4,2024-07-07,Delivered
ORD00926,C0293,P029,1,2024-01-12,pending  
ORD00927,C0046,P060,2,2024-05-14,cancelled  
ORD00928,C0026,P052,5,2024-08-07,cancelled  
ORD00929,C0046,P048,2,2024-10-17,Delivered
ORD00930,C0233,P064,1,2024-04-24,cancelled  
ORD00931,C0137,P037,4,2024-07-14,delivered  
ORD00932,C0111,P037,2,2024-08-02,delivered  
ORD00933,C0015,P038,3,2024-04-30,cancelled  
ORD00934,C0190,P059,1,2024-01-06, Delivered 
ORD00935,C0204,P028,4,2024-12-28, Delivered 
ORD00936,C0038,P013,5,2024-01-31,delivered  
ORD00937,C0242,P046,5,2024-12-09,  PENDING
ORD00938,C0003,P033,5,2024-11-13,Delivered
ORD00939,C0190,P017,5,2024-01-22, Delivered 
ORD00940,C0087,P065,4,2024-06-22,pending  
ORD00941,C0046,P041,5,2024-08-09,  DELIVERED
ORD00942,C0161,P006,2,2024-09-12, Pending 
ORD00943,C0185,P056,3,24-03-2025, Delivered 
ORD00944,C0265,P041,4,2024-03-25,Delivered
ORD00945,C0078,P057,1,2024-04-06,delivered  
ORD00946,C0094,P005,4,2024-05-13,Delivered
ORD00947,C0224,P015,4,2024-01-21,Delivered
ORD00948,C0235,P064,1,2025-03-09,cancelled  
ORD00949,C0064,P045,1,2024-04-14,pending  
ORD00950,C0087,P066,3,2024-10-15,pending  
ORD00951,C0299,P001,5,2025-01-27,Delivered
ORD00952,C0040,P032,4,2024-12-12, Delivered 
ORD00953,C0014,P037,1,2024-07-20,  DELIVERED
ORD00954,C0166,P020,1,2024-02-11,Delivered
ORD00955,C0233,P035,5,2024-12-02,  DELIVERED
ORD00956,C0232,P042,5,2024-03-07,  DELIVERED
ORD00957,C0145,P042,1,2025-01-15,Delivered
ORD00958,C0048,P052,3,2024-04-01,Delivered
ORD00959,C0046,P003,2,2024-03-24,Delivered
ORD00960,C0146,P020,1,2024-06-01,Delivered
ORD00961,C0159,P017,3,2024-12-06, Delivered 
ORD00962,C0263,P026,4,2024-08-16,Pending
ORD00963,C0138,P055,1,2025-01-22, Delivered 
ORD00964,C0096,P056,4,2024-02-17, Delivered 
ORD00965,C0238,P029,2,2024-09-10,  DELIVERED
ORD00966,C0149,P060,4,2024-02-10,Pending
ORD00967,C0154,P020,2,2024-12-16,pending  
ORD00968,C0268,P055,3,2024-10-18,  DELIVERED
ORD00969,C0024,P066,1,2024-09-18,  DELIVERED
ORD00970,,P033,3,2024-05-10,  DELIVERED
ORD00971,C0059,P060,2,2025-02-06,Delivered
ORD00972,C0024,P011,4,2025-03-24, Cancelled 
ORD00973,C0233,P058,5,2025-02-17,delivered  
ORD00974,C0109,P024,1,2025-01-17, Pending 
ORD00975,C0055,P056,5,2024-01-10,  DELIVERED
ORD00976,C0007,P022,4,2024-08-23,Cancelled
ORD00977,C0156,P047,4,15-02-2025,delivered  
ORD00978,,P002,2,2024-02-27,returned  
ORD00979,C0014,P027,4,2024-11-28,delivered  
ORD00980,C0224,P069,2,2024-02-14,Delivered
ORD00981,C0076,P061,4,2024-01-12,delivered  
ORD00982,C0228,P063,4,2024-01-11,pending  
ORD00983,C0104,P038,5,28-02-2025,  RETURNED
ORD00984,C0171,P002,1,2024-11-18,Returned
ORD00985,C0213,P064,5,2024-11-01, Cancelled 
ORD00986,C0019,P063,4,05-09-2024,Delivered
ORD00987,C0119,P008,5,2024-01-10, Delivered 
ORD00988,C0284,P009,3,2024-11-27,Delivered
ORD00989,C0060,P064,5,2024-11-26,Delivered
ORD00990,C0011,P021,3,2025-01-06, Delivered 
ORD00991,C0225,P030,5,2024-04-22, Delivered 
ORD00992,C0240,P017,3,2025-01-05,Cancelled
ORD00993,C0185,P061,2,14-11-2024,  DELIVERED
ORD00994,C0248,P017,2,2024-04-12,Delivered
ORD00995,C0052,P054,4,2024-06-04,  DELIVERED
ORD00996,C0010,P046,3,2024-07-01,cancelled  
ORD00997,C0258,P005,1,2024-06-21,delivered  
ORD00998,C0062,P029,4,2024-05-12, Pending 
ORD00999,C0024,P035,2,2025-03-12,  CANCELLED
ORD01000,C0026,P057,4,2025-03-06,  RETURNED
ORD01001,C0053,P006,5,2024-02-23,  DELIVERED
ORD01002,C0106,P047,2,2025-01-07,Delivered
ORD01003,C0260,P064,1,19-03-2024, Cancelled 
ORD01004,C0071,P016,2,2024-08-12,  PENDING
ORD01005,C0126,P061,3,2024-05-26,  DELIVERED
ORD01006,C0137,P048,4,2024-07-03,cancelled  
ORD01007,C0078,P068,4,2025-02-07,Delivered
ORD01008,C0212,P053,4,2025-03-12, Delivered 
ORD01009,C0016,P057,2,2025-01-29,  DELIVERED
ORD01010,C0044,P044,3,2024-07-24,pending  
ORD01011,C0223,P008,4,2025-01-23,delivered  
ORD01012,C0295,P008,5,2024-05-31, Delivered 
ORD01013,C0161,P045,1,2025-02-27,delivered  
ORD01014,C0207,P058,2,2025-03-30,Delivered
ORD01015,C0177,P052,2,2025-03-27,  DELIVERED
ORD01016,C0276,P043,4,2025-01-06,cancelled  
ORD01017,C0267,P037,2,2024-02-17, Delivered 
ORD01018,C0267,P044,2,2024-01-12, Delivered 
ORD01019,C0124,P039,4,2024-09-15,  DELIVERED
ORD01020,C0191,P034,5,2024-06-30,  DELIVERED
ORD01021,C0230,P039,5,2025-01-12, Delivered 
ORD01022,C0121,P069,5,2024-04-29, Delivered 
ORD01023,C0294,P018,4,2024-09-23,  CANCELLED
ORD01024,C0168,P067,5,2024-04-08, Returned 
ORD01025,C0233,P013,2,2024-12-30,Delivered
ORD01026,C0042,P012,1,2024-08-05,Pending
ORD01027,C0110,P058,1,2024-07-08,Cancelled
ORD01028,C0287,P067,4,2025-03-22,Delivered
ORD01029,C0217,P057,4,2025-01-09,pending  
ORD01030,C0074,P065,2,2024-09-05,cancelled  
ORD01031,C0263,P068,1,2024-12-21,Delivered
ORD01032,C0017,P021,5,2024-07-08,  PENDING
ORD01033,C0210,P015,1,2024-07-08,  DELIVERED
ORD01034,C0268,P020,1,2024-07-09, Delivered 
ORD01035,C0156,P038,4,2024-01-15,returned  
ORD01036,C0216,P007,3,2025-03-31,delivered  
ORD01037,C0251,P001,1,2024-10-07,  DELIVERED
ORD01038,C0214,P062,5,2024-06-07, Delivered 
ORD01039,C0194,P061,5,2024-03-08,Returned
ORD01040,C0231,P058,2,2025-03-19,  CANCELLED
ORD01041,C0210,P050,2,2024-07-21,  DELIVERED
ORD01042,C0227,P036,1,2025-03-19,  DELIVERED
ORD01043,C0293,P040,5,2024-11-26,  DELIVERED
ORD01044,C0099,P007,5,2024-09-24,Delivered
ORD01045,C0258,P003,1,2024-12-03,pending  
ORD01046,C0010,P036,2,2024-05-05,Returned
ORD01047,C0044,P069,5,2024-06-13,  DELIVERED
ORD01048,C0252,P003,3,2024-08-11,  DELIVERED
ORD01049,C0271,P041,4,2024-05-11,  DELIVERED
ORD01050,C0278,P022,3,2024-03-14,  DELIVERED
ORD01051,C0079,P040,4,2024-12-13, Delivered 
ORD01052,C0093,P004,1,2024-06-01, Delivered 
ORD01053,C0073,P053,3,2024-05-12,  DELIVERED
ORD01054,C0027,P026,2,2025-01-20,delivered  
ORD01055,C0253,P066,5,2024-07-16, Pending 
ORD01056,C0032,P041,4,2024-10-10,Delivered
ORD01057,C0015,P053,2,2025-03-29,  DELIVERED
ORD01058,C0127,P017,3,2024-10-17,  DELIVERED
ORD01059,C0257,P027,2,2024-07-10,delivered  
ORD01060,C0126,P069,4,2024-10-11,  DELIVERED
ORD01061,C0238,P038,2,2024-01-01,Delivered
ORD01062,C0140,P033,4,2024-06-28,returned  
ORD01063,C0300,P066,3,2024-01-24,  DELIVERED
ORD01064,C0154,P012,4,2024-12-23,delivered  
ORD01065,C0285,P036,4,2024-04-17, Cancelled 
ORD01066,C0176,P034,4,2024-05-19, Delivered 
ORD01067,C0175,P027,4,02-11-2024,delivered  
ORD01068,C0002,P061,1,05-01-2024,Cancelled
ORD01069,C0285,P063,4,2024-10-02,  DELIVERED
ORD01070,C0276,P004,4,2024-12-10,Delivered
ORD01071,C0184,P050,2,2025-03-05,  RETURNED
ORD01072,C0064,P060,3,2024-04-08,delivered  
ORD01073,C0011,P036,3,2024-04-08, Delivered 
ORD01074,C0114,P030,4,2024-07-04,Delivered
ORD01075,C0108,P001,2,2025-02-24,  CANCELLED
ORD01076,C0143,P065,4,2024-03-28,delivered  
ORD01077,C0034,P017,1,2024-03-06,delivered  
ORD01078,C0268,P036,2,2025-03-10, Cancelled 
ORD01079,C0287,P059,1,2024-08-06,  CANCELLED
ORD01080,C0166,P056,4,2024-05-20,Delivered
ORD01081,C0254,P047,5,2025-01-23,delivered  
ORD01082,C0025,P036,4,2024-09-29,  DELIVERED
ORD01083,C0201,P025,3,2024-02-11,  PENDING
ORD01084,C0116,P055,1,2024-05-07, Delivered 
ORD01085,C0160,P009,1,2024-01-15,  DELIVERED
ORD01086,C0172,P033,2,2024-02-25, Delivered 
ORD01087,C0028,P043,5,2025-02-10,  DELIVERED
ORD01088,C0225,P013,4,2024-10-23,  DELIVERED
ORD01089,C0018,P049,3,2025-03-31,  RETURNED
ORD01090,C0066,P008,4,2024-01-29,Delivered
ORD01091,C0034,P014,1,2024-10-13,Delivered
ORD01092,C0206,P013,5,2025-01-20,  DELIVERED
ORD01093,C0233,P050,4,2025-02-11,  DELIVERED
ORD01094,C0174,P004,4,2024-09-21,delivered  
ORD01095,C0056,P014,1,2024-10-31,cancelled  
ORD01096,C0294,P017,5,2024-05-11,Delivered
ORD01097,C0228,P024,2,2024-03-11,  RETURNED
ORD01098,C0066,P040,5,2024-08-11, Delivered 
ORD01099,C0160,P019,2,2024-08-28, Delivered 
ORD01100,C0150,P048,1,22-09-2024,delivered  
ORD01101,C0030,P031,5,2025-02-23,  RETURNED
ORD01102,C0217,P045,2,2024-04-12,cancelled  
ORD01103,C0036,P044,2,2024-12-07,Delivered
ORD01104,C0170,P043,5,02-06-2024,delivered  
ORD01105,C0054,P059,1,2024-09-10,  DELIVERED
ORD01106,C0115,P030,4,2024-11-15,Delivered
ORD01107,C0170,P049,2,2024-07-23,  DELIVERED
ORD01108,C0186,P002,1,2024-07-02,  DELIVERED
ORD01109,C0073,P038,4,2024-04-09, Cancelled 
ORD01110,C0023,P004,2,2024-04-11,delivered  
ORD01111,C0135,P023,3,2025-03-09,delivered  
ORD01112,C0101,P003,2,2025-03-07,  DELIVERED
ORD01113,C0011,P018,4,2024-12-01,  RETURNED
ORD01114,C0174,P027,3,21-08-2024, Delivered 
ORD01115,C0088,P068,5,2025-03-27,  DELIVERED
ORD01116,C0061,P019,2,2025-02-10,Delivered
ORD01117,C0192,P041,5,2024-08-07,pending  
ORD01118,C0024,P025,5,2024-05-30, Returned 
ORD01119,C0127,P007,3,2025-03-22,Delivered
ORD01120,C0108,P011,4,2025-02-08,  CANCELLED
ORD01121,C0086,P066,4,2025-01-19, Pending 
ORD01122,C0256,P067,4,2024-04-01, Delivered 
ORD01123,C0270,P062,4,2024-08-30,Delivered
ORD01124,C0299,P005,2,2024-04-22,Pending
ORD01125,C0121,P051,2,2024-06-05,Delivered
ORD01126,C0293,P021,3,2024-05-10,delivered  
ORD01127,C0044,P038,4,2024-09-22,  DELIVERED
ORD01128,C0239,P066,5,2024-06-21,Delivered
ORD01129,C0222,P053,3,2025-02-15, Delivered 
ORD01130,C0196,P004,2,2024-08-14,  DELIVERED
ORD01131,C0184,P011,3,2025-03-07,  DELIVERED
ORD01132,C0142,P030,1,2024-03-01,  DELIVERED
ORD01133,C0280,P026,3,2024-04-10, Cancelled 
ORD01134,C0155,P036,2,2024-12-27,cancelled  
ORD01135,C0279,P034,1,2025-01-29, Delivered 
ORD01136,C0207,P052,5,2025-01-22,Cancelled
ORD01137,C0263,P020,4,2024-04-26,delivered  
ORD01138,C0243,P030,5,2024-10-27,Returned
ORD01139,C0237,P044,1,2024-06-09,Returned
ORD01140,C0214,P027,4,2024-08-18,  PENDING
ORD01141,C0192,P018,5,2025-03-23,  DELIVERED
ORD01142,C0256,P046,3,2024-04-25,Delivered
ORD01143,C0276,P039,3,2024-10-27,  DELIVERED
ORD01144,C0072,P020,3,2024-10-17,Cancelled
ORD01145,C0196,P027,4,02-02-2024,delivered  
ORD01146,C0244,P014,3,2024-10-18, Pending 
ORD01147,C0048,P022,1,2024-12-11,  DELIVERED
ORD01148,C0251,P004,2,2024-04-11,Delivered
ORD01149,C0146,P027,2,2024-05-29,  CANCELLED
ORD01150,C0233,P008,3,22-09-2024, Delivered 
ORD01151,C0211,P051,2,2024-02-26,Delivered
ORD01152,C0245,P009,4,2025-03-19,delivered  
ORD01153,C0159,P056,4,2024-03-22, Cancelled 
ORD01154,C0104,P065,4,21-05-2024,delivered  
ORD01155,C0229,P009,4,2024-11-05, Returned 
ORD01156,C0292,P063,4,2024-08-24,  DELIVERED
ORD01157,C0148,P059,3,2024-12-24, Returned 
ORD01158,C0201,P023,4,2024-05-07,Delivered
ORD01159,C0235,P050,2,2024-12-23,Delivered
ORD01160,C0023,P031,2,2024-05-20, Pending 
ORD01161,C0035,P028,4,2024-07-29,  PENDING
ORD01162,C0189,P010,1,2024-09-15, Returned 
ORD01163,C0210,P058,2,2024-05-09,  DELIVERED
ORD01164,C0237,P004,1,2024-11-23,Cancelled
ORD01165,C0196,P044,4,2025-03-14,  DELIVERED
ORD01166,C0006,P033,1,2024-12-29, Pending 
ORD01167,C0238,P063,4,2024-02-04,delivered  
ORD01168,C0225,P018,4,2025-02-24,delivered  
ORD01169,C0088,P003,5,2024-02-21,  DELIVERED
ORD01170,C0274,P051,2,2024-02-09,  CANCELLED
ORD01171,C0140,P020,4,2024-07-02,  DELIVERED
ORD01172,C0273,P028,4,2024-12-22,  DELIVERED
ORD01173,C0200,P040,4,2024-01-27,  DELIVERED
ORD01174,C0194,P026,2,2024-07-10,pending  
ORD01175,C0047,P003,4,2024-01-15, Pending 
ORD01176,C0099,P009,2,2025-03-27,delivered  
ORD01177,C0086,P006,4,2024-09-19, Delivered 
ORD01178,C0166,P025,5,2024-04-16,Pending
ORD01179,C0220,P016,2,2024-04-19, Delivered 
ORD01180,C0089,P002,4,2024-11-30,Delivered
ORD01181,C0109,P059,2,2024-02-03, Cancelled 
ORD01182,C0189,P006,1,2025-03-29, Delivered 
ORD01183,C0256,P014,5,2025-02-09,pending  
ORD01184,C0129,P013,5,2024-06-15,Pending
ORD01185,C0069,P043,2,2024-11-21, Returned 
ORD01186,C0247,P009,3,2024-01-10,Cancelled
ORD01187,C0196,P066,2,2024-09-14,  DELIVERED
ORD01188,C0120,P003,5,2025-01-23, Pending 
ORD01189,C0122,P055,2,2024-11-13,delivered  
ORD01190,C0192,P064,3,2024-04-13,delivered  
ORD01191,C0020,P031,5,2024-08-15, Cancelled 
ORD01192,C0069,P036,3,2024-11-25,  RETURNED
ORD01193,C0267,P054,3,2025-01-19, Delivered 
ORD01194,C0176,P032,2,2024-10-03,delivered  
ORD01195,C0114,P049,5,2024-06-13,  DELIVERED
ORD01196,C0034,P063,1,2024-04-08,delivered  
ORD01197,C0105,P017,1,2024-03-29,delivered  
ORD01198,C0121,P065,1,2024-08-06, Cancelled 
ORD01199,C0085,P026,2,2024-08-05,delivered  
ORD01200,C0156,P037,5,2024-08-17,pending  
ORD01201,C0140,P062,1,2024-07-03,delivered  
ORD01202,C0242,P057,4,2024-09-15,Cancelled
ORD01203,C0080,P062,1,25-01-2025,  DELIVERED
ORD01204,C0154,P069,2,2024-10-10, Cancelled 
ORD01205,C0195,P060,3,2024-08-20,Delivered
ORD01206,C0037,P043,2,2025-01-01,delivered  
ORD01207,C0098,P001,1,17-03-2025, Delivered 
ORD01208,C0252,P052,4,2024-07-21, Pending 
ORD01209,C0197,P063,3,2024-11-24,  PENDING
ORD01210,C0210,P005,1,2024-07-16,pending  
ORD01211,C0100,P056,3,2025-01-29, Pending 
ORD01212,C0261,P063,3,2024-12-22,Delivered
ORD01213,C0218,P032,2,2024-09-01, Delivered 
ORD01214,C0015,P019,3,2024-11-05,delivered  
ORD01215,C0131,P032,5,2024-10-23,pending  
ORD01216,C0007,P015,1,2024-11-25,Cancelled
ORD01217,C0204,P011,5,2024-04-06,pending  
ORD01218,C0219,P033,3,2024-09-13,Pending
ORD01219,C0158,P053,1,2024-02-25, Cancelled 
ORD01220,C0074,P035,2,2025-01-18, Delivered 
ORD01221,C0004,P022,4,2024-01-01,Delivered
ORD01222,C0269,P054,3,2025-01-10,delivered  
ORD01223,C0192,P024,2,2024-04-11,  DELIVERED
ORD01224,C0231,P028,2,2024-04-12,delivered  
ORD01225,C0099,P034,4,2024-08-13,  CANCELLED
ORD01226,C0086,P011,3,2024-02-13, Delivered 
ORD01227,C0033,P044,1,2024-10-26,Delivered
ORD01228,C0052,P002,1,2024-05-16,  RETURNED
ORD01229,C0299,P006,1,2024-04-18,  DELIVERED
ORD01230,C0193,P067,3,2024-09-05, Delivered 
ORD01231,C0220,P044,3,2024-12-15, Pending 
ORD01232,C0123,P047,4,2024-07-12, Cancelled 
ORD01233,C0170,P013,1,2024-08-21,Pending
ORD01234,C0072,P004,5,03-03-2024, Pending 
ORD01235,C0128,P048,4,2024-11-12,Cancelled
ORD01236,C0264,P053,2,2024-01-02, Pending 
ORD01237,C0009,P047,1,2025-02-17,Cancelled
ORD01238,C0120,P063,4,2025-01-13,  CANCELLED
ORD01239,C0179,P055,4,2024-12-03,  PENDING
ORD01240,C0198,P038,5,2024-04-09,  CANCELLED
ORD01241,C0066,P064,1,2024-06-03,Returned
ORD01242,C0087,P058,1,2024-09-03,cancelled  
ORD01243,C0125,P028,2,2025-01-20,  PENDING
ORD01244,C0055,P056,1,2024-03-23, Pending 
ORD01245,C0197,P036,2,03-01-2025,Delivered
ORD01246,C0064,P018,5,20-11-2024,  CANCELLED
ORD01247,C0171,P029,5,2025-01-27,  PENDING
ORD01248,C0176,P049,4,2024-11-30,Cancelled
ORD01249,C0120,P029,3,2024-02-29,  DELIVERED
ORD01250,C0046,P044,5,2024-04-06,  CANCELLED
ORD01251,C0294,P048,2,2025-03-12,Delivered
ORD01252,C0296,P001,3,2024-02-01,delivered  
ORD01253,C0199,P055,3,2025-01-29,delivered  
ORD01254,C0267,P029,1,21-07-2024,Delivered
ORD01255,C0162,P019,3,2025-03-04,Delivered
ORD01256,C0076,P037,2,2025-01-17,  CANCELLED
ORD01257,C0164,P040,5,2024-12-18,Delivered
ORD01258,C0111,P064,3,2024-12-26,  PENDING
ORD01259,C0171,P020,2,2025-03-10,cancelled  
ORD01260,C0027,P023,4,2025-01-07,delivered  
ORD01261,C0012,P051,3,2024-08-04, Cancelled 
ORD01262,C0201,P051,1,2024-09-27, Cancelled 
ORD01263,C0100,P051,1,2024-03-08,  DELIVERED
ORD01264,C0156,P059,2,2024-10-22,Delivered
ORD01265,C0150,P019,2,2024-04-21,returned  
ORD01266,C0005,P047,5,22-02-2024,cancelled  
ORD01267,C0193,P055,2,2024-01-29,Delivered
ORD01268,C0092,P007,1,2024-09-20,Cancelled
ORD01269,C0077,P052,2,2024-01-18,Delivered
ORD01270,C0251,P039,5,2024-03-29,Cancelled
ORD01271,C0046,P060,4,2024-05-20,Cancelled
ORD01272,C0189,P002,1,2024-02-29,Delivered
ORD01273,C0261,P029,1,2024-10-27,Delivered
ORD01274,C0141,P013,5,2024-04-02,Delivered
ORD01275,C0153,P017,1,2024-06-15,delivered  
ORD01276,C0208,P003,4,2024-10-11,Returned
ORD01277,C0033,P067,5,2024-10-02,  CANCELLED
ORD01278,C0107,P016,2,17-03-2025,delivered  
ORD01279,C0003,P058,3,2024-03-03,delivered  
ORD01280,C0083,P012,5,2024-05-11,  PENDING
ORD01281,C0044,P016,5,2024-06-01,delivered  
ORD01282,C0217,P001,2,2024-06-02, Delivered 
ORD01283,C0274,P057,2,2024-10-22, Delivered 
ORD01284,C0268,P046,5,2024-10-02,  DELIVERED
ORD01285,C0023,P031,1,2024-04-06,delivered  
ORD01286,C0069,P028,5,2024-07-02,Delivered
ORD01287,C0039,P033,3,2024-07-14,cancelled  
ORD01288,C0205,P059,1,2024-05-10,cancelled  
ORD01289,C0275,P027,1,2024-11-18,cancelled  
ORD01290,C0191,P066,5,2024-03-24,delivered  
ORD01291,C0162,P056,4,2024-01-14,pending  
ORD01292,C0040,P035,1,2024-09-29,Delivered
ORD01293,C0034,P043,1,04-07-2024, Pending 
ORD01294,C0075,P029,3,2024-01-06,delivered  
ORD01295,C0194,P014,1,30-03-2024, Delivered 
ORD01296,C0251,P013,5,2024-06-27, Cancelled 
ORD01297,C0283,P035,5,2024-02-20,pending  
ORD01298,C0163,P050,2,2024-06-25,Returned
ORD01299,C0245,P017,3,2024-01-05,cancelled  
ORD01300,C0065,P019,4,2024-10-17,  CANCELLED
ORD01301,C0190,P032,5,2024-08-02,cancelled  
ORD01302,C0225,P046,4,2024-09-14,Delivered
ORD01303,C0267,P030,3,2024-11-21, Pending 
ORD01304,C0209,P041,1,2024-11-20,delivered  
ORD01305,C0048,P022,5,2024-01-30, Delivered 
ORD01306,C0284,P064,1,2024-08-05,cancelled  
ORD01307,C0246,P064,5,2024-12-16,  PENDING
ORD01308,C0208,P002,5,07-04-2024,  PENDING
ORD01309,C0218,P069,3,2024-05-05,  PENDING
ORD01310,C0230,P022,5,25-04-2024, Delivered 
ORD01311,C0069,P066,3,27-01-2024,Delivered
ORD01312,C0088,P048,1,2024-06-22,pending  
ORD01313,C0277,P016,3,2024-06-02, Delivered 
ORD01314,C0110,P001,5,2024-07-20, Delivered 
ORD01315,C0264,P005,4,2024-11-12,  RETURNED
ORD01316,C0183,P001,5,2024-08-23, Delivered 
ORD01317,C0055,P001,3,2025-03-31,Cancelled
ORD01318,C0182,P002,1,2024-08-08,  DELIVERED
ORD01319,C0271,P066,2,2024-07-29,Delivered
ORD01320,C0004,P020,3,2024-04-25, Delivered 
ORD01321,C0154,P047,4,2024-04-03, Delivered 
ORD01322,C0056,P057,4,2024-03-23,Delivered
ORD01323,C0003,P046,2,26-02-2024,  DELIVERED
ORD01324,C0069,P051,4,2025-01-15,  DELIVERED
ORD01325,C0083,P026,4,2024-12-06,  PENDING
ORD01326,C0216,P063,5,10-09-2024,returned  
ORD01327,C0167,P052,5,2025-01-06,Pending
ORD01328,C0068,P015,1,2025-02-09,delivered  
ORD01329,C0177,P065,1,2025-01-27,  CANCELLED
ORD01330,C0176,P055,5,2025-01-12,Delivered
ORD01331,C0149,P037,4,2024-02-12,returned  
ORD01332,C0079,P066,2,2024-05-07,  DELIVERED
ORD01333,C0135,P032,4,2024-04-11,  DELIVERED
ORD01334,C0258,P024,2,2025-03-13,delivered  
ORD01335,C0118,P016,2,2024-07-24,delivered  
ORD01336,C0075,P055,1,2024-11-11,  DELIVERED
ORD01337,C0195,P053,5,2024-06-05,cancelled  
ORD01338,C0114,P044,4,2024-09-02,Delivered
ORD01339,C0027,P039,1,2024-05-17, Delivered 
ORD01340,C0215,P032,3,2024-01-25,  DELIVERED
ORD01341,C0027,P042,2,2024-05-26,  DELIVERED
ORD01342,C0221,P024,3,2024-09-08, Delivered 
ORD01343,C0058,P013,1,2024-12-15,delivered  
ORD01344,C0170,P047,3,2025-01-15, Returned 
ORD01345,C0122,P036,2,2024-10-26,  DELIVERED
ORD01346,C0067,P016,1,2024-10-27,pending  
ORD01347,C0099,P058,1,2024-02-08, Pending 
ORD01348,C0155,P061,2,2024-09-30,  CANCELLED
ORD01349,C0066,P025,4,08-10-2024, Cancelled 
ORD01350,C0188,P058,1,2024-08-11,Delivered
ORD01351,C0269,P065,1,2024-03-26,delivered  
ORD01352,C0149,P006,5,2024-02-01,returned  
ORD01353,C0204,P064,5,2025-03-21,  DELIVERED
ORD01354,C0085,P057,5,15-07-2024,Delivered
ORD01355,C0206,P035,2,2024-04-04,delivered  
ORD01356,C0005,P066,4,2024-09-14, Cancelled 
ORD01357,C0156,P029,3,2024-12-28,  DELIVERED
ORD01358,C0088,P029,1,2024-09-30,  DELIVERED
ORD01359,C0076,P036,2,2024-05-18,  PENDING
ORD01360,C0128,P027,5,2024-02-29, Delivered 
ORD01361,C0189,P042,1,2024-12-27, Pending 
ORD01362,C0069,P053,5,2024-05-30,  DELIVERED
ORD01363,C0006,P046,2,2025-01-09,pending  
ORD01364,C0132,P003,5,02-12-2024,  PENDING
ORD01365,C0196,P033,5,2024-10-09,Delivered
ORD01366,C0113,P042,3,14-04-2024,Delivered
ORD01367,C0080,P058,2,2025-01-08, Cancelled 
ORD01368,C0076,P062,1,2024-09-10,delivered  
ORD01369,C0091,P025,5,2024-09-08,pending  
ORD01370,C0145,P003,3,2024-03-24,Pending
ORD01371,C0097,P009,2,06-02-2024,Delivered
ORD01372,C0207,P013,5,2024-03-11,  CANCELLED
ORD01373,C0052,P049,4,11-01-2024,  DELIVERED
ORD01374,C0023,P017,2,2025-01-29,delivered  
ORD01375,C0007,P002,1,2024-10-04, Cancelled 
ORD01376,C0044,P026,2,2024-09-02,Returned
ORD01377,C0084,P040,3,2024-09-02,  DELIVERED
ORD01378,C0279,P035,5,04-03-2024,  DELIVERED
ORD01379,C0053,P038,1,2024-09-18,Pending
ORD01380,C0073,P001,2,2024-01-13,Delivered
ORD01381,C0076,P046,3,2024-04-25,Pending
ORD01382,C0058,P063,2,2024-02-26, Delivered 
ORD01383,C0183,P010,5,2024-06-19,  DELIVERED
ORD01384,C0023,P020,2,2024-08-07,delivered  
ORD01385,C0218,P020,3,2024-11-15, Returned 
ORD01386,C0054,P035,4,2024-12-04, Delivered 
ORD01387,C0040,P001,2,2025-02-02, Cancelled 
ORD01388,C0076,P050,4,2025-01-04,Returned
ORD01389,C0035,P015,5,2024-08-06, Pending 
ORD01390,C0075,P012,3,2024-03-06,Delivered
ORD01391,C0181,P041,4,2024-08-05,Delivered
ORD01392,C0171,P018,2,2024-07-15,Delivered
ORD01393,C0276,P069,4,2024-09-29,delivered  
ORD01394,C0197,P011,5,2025-01-01,delivered  
ORD01395,C0045,P031,3,2024-01-02,  DELIVERED
ORD01396,C0186,P061,2,2024-02-26, Delivered 
ORD01397,C0185,P018,3,2024-08-23,Delivered
ORD01398,C0125,P027,2,2024-01-29,  CANCELLED
ORD01399,C0074,P049,1,2024-12-22, Pending 
ORD01400,C0028,P014,5,2024-02-07,delivered  
ORD01401,C0016,P019,3,2024-03-13,  DELIVERED
ORD01402,C0007,P054,2,2025-01-26,delivered  
ORD01403,C0271,P039,4,2024-07-29,Cancelled
ORD01404,C0007,P037,1,2024-03-20,  DELIVERED
ORD01405,C0089,P065,2,2024-01-06,Delivered
ORD01406,C0233,P034,5,2024-09-13,delivered  
ORD01407,C0217,P021,3,2024-02-17,delivered  
ORD01408,C0109,P052,5,2024-01-29,delivered  
ORD01409,C0287,P010,4,2024-09-01,Delivered
ORD01410,C0195,P022,1,2025-02-15,Delivered
ORD01411,C0100,P035,1,2024-02-23, Delivered 
ORD01412,C0015,P031,3,2024-03-24,  DELIVERED
ORD01413,C0109,P002,3,2024-04-06,  DELIVERED
ORD01414,C0124,P035,1,2024-10-18,Delivered
ORD01415,C0024,P007,3,2024-02-17,  PENDING
ORD01416,C0183,P037,4,2024-09-13,Delivered
ORD01417,C0183,P017,1,2024-06-18,  DELIVERED
ORD01418,C0258,P020,1,2024-10-27,Returned
ORD01419,C0020,P038,2,2024-03-18,  CANCELLED
ORD01420,C0048,P030,2,2025-02-17,cancelled  
ORD01421,C0083,P065,5,2025-01-08, Cancelled 
ORD01422,C0230,P017,3,2024-05-28,Delivered
ORD01423,C0021,P050,2,2024-04-16,  PENDING
ORD01424,C0079,P064,1,2025-02-16, Delivered 
ORD01425,C0281,P012,4,18-02-2024,delivered  
ORD01426,C0152,P021,1,2024-05-23, Delivered 
ORD01427,C0046,P010,2,2024-12-29, Returned 
ORD01428,C0243,P033,4,2024-11-28,  PENDING
ORD01429,C0292,P063,1,2024-07-05,Pending
ORD01430,C0210,P017,4,2024-07-06, Delivered 
ORD01431,C0192,P011,4,2024-09-16,  DELIVERED
ORD01432,C0030,P032,5,2024-01-05,  DELIVERED
ORD01433,C0149,P049,2,2024-10-18,  DELIVERED
ORD01434,C0115,P050,4,2024-12-08,Delivered
ORD01435,C0240,P069,4,2024-02-25,  DELIVERED
ORD01436,C0204,P056,2,2024-07-24, Delivered 
ORD01437,C0176,P063,2,2024-12-25,  CANCELLED
ORD01438,C0143,P059,1,2024-10-06,Delivered
ORD01439,C0075,P028,3,2024-10-17,Delivered
ORD01440,C0032,P047,4,2024-08-30,delivered  
ORD01441,C0012,P055,3,2024-05-09,  CANCELLED
ORD01442,C0073,P009,3,2024-07-26,Delivered
ORD01443,C0215,P068,2,2024-12-08,pending  
ORD01444,C0028,P012,4,2024-06-24, Pending 
ORD01445,C0085,P026,3,2024-08-02,delivered  
ORD01446,C0224,P046,5,2024-07-18,returned  
ORD01447,C0040,P019,3,2024-12-06, Pending 
ORD01448,C0008,P020,4,2024-03-16, Delivered 
ORD01449,C0059,P053,3,2024-09-23,Cancelled
ORD01450,C0065,P058,5,19-02-2024,delivered  
ORD01451,C0216,P022,5,2024-07-12,delivered  
ORD01452,C0098,P002,3,2025-02-20, Delivered 
ORD01453,C0158,P065,1,2024-12-24,Delivered
ORD01454,C0212,P053,3,2024-06-29,Returned
ORD01455,C0268,P043,1,2024-03-31, Delivered 
ORD01456,C0091,P021,5,2024-08-11,Delivered
ORD01457,C0146,P013,1,2025-02-16,  RETURNED
ORD01458,C0009,P053,1,11-09-2024,  CANCELLED
ORD01459,,P065,5,2025-02-16, Delivered 
ORD01460,C0216,P028,2,2025-02-01,Delivered
ORD01461,C0059,P026,4,04-03-2024,Delivered
ORD01462,C0212,P051,1,2024-07-10, Returned 
ORD01463,C0138,P034,3,2025-03-05,Pending
ORD01464,C0124,P001,4,2024-01-17,delivered  
ORD01465,C0192,P067,5,2024-06-11,Delivered
ORD01466,C0124,P051,2,2024-11-11,  CANCELLED
ORD01467,C0296,P055,2,2024-11-21,delivered  
ORD01468,C0207,P041,5,2024-03-22,  DELIVERED
ORD01469,C0065,P065,1,19-11-2024,Delivered
ORD01470,C0134,P021,3,2024-04-14,  DELIVERED
ORD01471,C0224,P002,5,2024-03-19,  DELIVERED
ORD01472,C0293,P049,1,2025-01-15,Cancelled
ORD01473,C0184,P024,2,2024-11-30, Pending 
ORD01474,C0100,P069,2,2025-01-06,Returned
ORD01475,C0134,P007,3,12-02-2024,  PENDING
ORD01476,C0297,P014,1,2024-08-23,  PENDING
ORD01477,C0055,P019,3,2024-05-14,  PENDING
ORD01478,C0040,P064,3,2025-03-05,  DELIVERED
ORD01479,C0252,P003,4,2024-02-07,  DELIVERED
ORD01480,C0108,P054,4,31-03-2025,Delivered
ORD00343,C0254,P022,1,2025-01-19,delivered  
ORD00893,,P064,2,2024-12-04,Pending
ORD00359,C0054,P050,5,2024-11-06,Pending
ORD00145,C0031,P045,5,2024-05-23,delivered  
ORD01095,C0056,P014,1,2024-10-31,cancelled  
ORD00731,C0010,P064,2,2024-11-30,  CANCELLED
ORD01177,C0086,P006,4,2024-09-19, Delivered 
ORD01024,C0168,P067,5,2024-04-08, Returned 
ORD01350,C0188,P058,1,2024-08-11,Delivered
ORD01413,C0109,P002,3,2024-04-06,  DELIVERED
ORD00381,C0279,P069,4,2024-02-17,delivered  
ORD00619,C0290,P020,2,2025-03-20,  DELIVERED
ORD01108,C0186,P002,1,2024-07-02,  DELIVERED
ORD01113,C0011,P018,4,2024-12-01,  RETURNED
ORD01349,C0066,P025,4,08-10-2024, Cancelled 
ORD00059,C0286,P068,2,2024-07-17,delivered  
ORD00927,C0046,P060,2,2024-05-14,cancelled  
ORD00713,C0195,P050,4,2024-05-14,Delivered
ORD01285,C0023,P031,1,2024-04-06,delivered  
ORD01462,C0212,P051,1,2024-07-10, Returned 
